PRINT '#1'
--clean up first (dev machines only)
select skillid into #temptable from tblSkill where skillId in (
select skillId from tblSkillApplicationType where CredentialApplicationTypeId in (17))
PRINT '#2'
delete from tblSkillApplicationType where CredentialApplicationTypeId in (17)

PRINT '#3'
delete from tblskill where skillId in (
select skillId from #temptable)

PRINT '#4'

SET IDENTITY_INSERT tblCredentialApplicationType ON
IF NOT EXISTS (SELECT * FROM [dbo].[tblCredentialApplicationType] WHERE [CredentialApplicationTypeId] = 17)
BEGIN
INSERT INTO [dbo].[tblCredentialApplicationType]
           ([CredentialApplicationTypeId]
           ,[Name]
           ,[DisplayName]
           ,[Online]
           ,[RequiresChecking]
           ,[RequiresAssessment]
           ,[BackOffice]
           ,[PendingAllowed]
           ,[AssessmentReviewAllowed]
           ,[DisplayBills]
           ,[CredentialApplicationTypeCategoryId]
           ,[ModifiedByNaati]
           ,[ModifiedDate]
           ,[ModifiedUser]
           ,[AllowMultiple])
     VALUES
           (17,'PracticeTest','Practice Test',1,0,0,1,0,0,1,1,0,getdate(),40,0)
END

SET IDENTITY_INSERT tblCredentialApplicationType OFF

SET IDENTITY_INSERT tblSkillType ON

IF NOT EXISTS (SELECT * FROM [dbo].[tblSkillType] WHERE skillTypeId = 38)
BEGIN
    INSERT INTO [dbo].[tblSkillType]
           ([SkillTypeId]
           ,[Name]
           ,[DisplayName]
           ,[ModifiedByNaati]
           ,[ModifiedDate]
           ,[ModifiedUser])
     VALUES
           (38,'CCL Practice Test','Practice Test - Credentialed Community Language',0,getdate(),40);
END

IF NOT EXISTS (SELECT * FROM [dbo].[tblSkillType] WHERE skillTypeId = 39)
BEGIN
    INSERT INTO [dbo].[tblSkillType]
           ([SkillTypeId]
           ,[Name]
           ,[DisplayName]
           ,[ModifiedByNaati]
           ,[ModifiedDate]
           ,[ModifiedUser])
     VALUES
           (39,'CT Practice Test','Practice Test - Certified Translator',0,getdate(),40);

END

IF NOT EXISTS (SELECT * FROM [dbo].[tblSkillType] WHERE skillTypeId = 40)
BEGIN
    INSERT INTO [dbo].[tblSkillType]
           ([SkillTypeId]
           ,[Name]
           ,[DisplayName]
           ,[ModifiedByNaati]
           ,[ModifiedDate]
           ,[ModifiedUser])
     VALUES
           (40,'CI Practice Test','Practice Test - Certified Interpreter',0,getdate(),40);

END

SET IDENTITY_INSERT tblSkillType OFF

SET IDENTITY_INSERT tblSkill ON
INSERT INTO tblskill (skillId, skilltypeid, Language1Id,Language2Id,DirectionTypeId,ModifiedByNaati,ModifiedDate,ModifiedUser) values (5000,38,3,3,4,0,getdate(),40)
INSERT INTO tblskill (skillId, skilltypeid, Language1Id,Language2Id,DirectionTypeId,ModifiedByNaati,ModifiedDate,ModifiedUser) values (5001,38,7,7,4,0,getdate(),40)
INSERT INTO tblskill (skillId, skilltypeid, Language1Id,Language2Id,DirectionTypeId,ModifiedByNaati,ModifiedDate,ModifiedUser) values (5002,38,9,9,4,0,getdate(),40)
INSERT INTO tblskill (skillId, skilltypeid, Language1Id,Language2Id,DirectionTypeId,ModifiedByNaati,ModifiedDate,ModifiedUser) values (5003,38,13,13,4,0,getdate(),40)
INSERT INTO tblskill (skillId, skilltypeid, Language1Id,Language2Id,DirectionTypeId,ModifiedByNaati,ModifiedDate,ModifiedUser) values (5004,38,16,16,4,0,getdate(),40)
INSERT INTO tblskill (skillId, skilltypeid, Language1Id,Language2Id,DirectionTypeId,ModifiedByNaati,ModifiedDate,ModifiedUser) values (5005,38,17,17,4,0,getdate(),40)
INSERT INTO tblskill (skillId, skilltypeid, Language1Id,Language2Id,DirectionTypeId,ModifiedByNaati,ModifiedDate,ModifiedUser) values (5006,38,18,18,4,0,getdate(),40)
INSERT INTO tblskill (skillId, skilltypeid, Language1Id,Language2Id,DirectionTypeId,ModifiedByNaati,ModifiedDate,ModifiedUser) values (5007,38,20,20,4,0,getdate(),40)
INSERT INTO tblskill (skillId, skilltypeid, Language1Id,Language2Id,DirectionTypeId,ModifiedByNaati,ModifiedDate,ModifiedUser) values (5008,38,27,27,4,0,getdate(),40)
INSERT INTO tblskill (skillId, skilltypeid, Language1Id,Language2Id,DirectionTypeId,ModifiedByNaati,ModifiedDate,ModifiedUser) values (5009,38,28,28,4,0,getdate(),40)
INSERT INTO tblskill (skillId, skilltypeid, Language1Id,Language2Id,DirectionTypeId,ModifiedByNaati,ModifiedDate,ModifiedUser) values (5010,38,30,30,4,0,getdate(),40)
INSERT INTO tblskill (skillId, skilltypeid, Language1Id,Language2Id,DirectionTypeId,ModifiedByNaati,ModifiedDate,ModifiedUser) values (5011,38,36,36,4,0,getdate(),40)
INSERT INTO tblskill (skillId, skilltypeid, Language1Id,Language2Id,DirectionTypeId,ModifiedByNaati,ModifiedDate,ModifiedUser) values (5012,38,45,45,4,0,getdate(),40)
INSERT INTO tblskill (skillId, skilltypeid, Language1Id,Language2Id,DirectionTypeId,ModifiedByNaati,ModifiedDate,ModifiedUser) values (5013,38,46,46,4,0,getdate(),40)
INSERT INTO tblskill (skillId, skilltypeid, Language1Id,Language2Id,DirectionTypeId,ModifiedByNaati,ModifiedDate,ModifiedUser) values (5014,38,48,48,4,0,getdate(),40)
INSERT INTO tblskill (skillId, skilltypeid, Language1Id,Language2Id,DirectionTypeId,ModifiedByNaati,ModifiedDate,ModifiedUser) values (5015,38,59,59,4,0,getdate(),40)
INSERT INTO tblskill (skillId, skilltypeid, Language1Id,Language2Id,DirectionTypeId,ModifiedByNaati,ModifiedDate,ModifiedUser) values (5016,38,61,61,4,0,getdate(),40)
INSERT INTO tblskill (skillId, skilltypeid, Language1Id,Language2Id,DirectionTypeId,ModifiedByNaati,ModifiedDate,ModifiedUser) values (5017,38,1195,1195,4,0,getdate(),40)
INSERT INTO tblskill (skillId, skilltypeid, Language1Id,Language2Id,DirectionTypeId,ModifiedByNaati,ModifiedDate,ModifiedUser) values (5018,38,71,71,4,0,getdate(),40)
INSERT INTO tblskill (skillId, skilltypeid, Language1Id,Language2Id,DirectionTypeId,ModifiedByNaati,ModifiedDate,ModifiedUser) values (5019,38,76,76,4,0,getdate(),40)
INSERT INTO tblskill (skillId, skilltypeid, Language1Id,Language2Id,DirectionTypeId,ModifiedByNaati,ModifiedDate,ModifiedUser) values (5020,38,81,81,4,0,getdate(),40)
INSERT INTO tblskill (skillId, skilltypeid, Language1Id,Language2Id,DirectionTypeId,ModifiedByNaati,ModifiedDate,ModifiedUser) values (5021,38,82,82,4,0,getdate(),40)
INSERT INTO tblskill (skillId, skilltypeid, Language1Id,Language2Id,DirectionTypeId,ModifiedByNaati,ModifiedDate,ModifiedUser) values (5022,38,84,84,4,0,getdate(),40)
INSERT INTO tblskill (skillId, skilltypeid, Language1Id,Language2Id,DirectionTypeId,ModifiedByNaati,ModifiedDate,ModifiedUser) values (5023,38,91,91,4,0,getdate(),40)
INSERT INTO tblskill (skillId, skilltypeid, Language1Id,Language2Id,DirectionTypeId,ModifiedByNaati,ModifiedDate,ModifiedUser) values (5024,38,98,98,4,0,getdate(),40)
INSERT INTO tblskill (skillId, skilltypeid, Language1Id,Language2Id,DirectionTypeId,ModifiedByNaati,ModifiedDate,ModifiedUser) values (5025,38,104,104,4,0,getdate(),40)
INSERT INTO tblskill (skillId, skilltypeid, Language1Id,Language2Id,DirectionTypeId,ModifiedByNaati,ModifiedDate,ModifiedUser) values (5026,38,113,113,4,0,getdate(),40)
INSERT INTO tblskill (skillId, skilltypeid, Language1Id,Language2Id,DirectionTypeId,ModifiedByNaati,ModifiedDate,ModifiedUser) values (5027,38,116,116,4,0,getdate(),40)
INSERT INTO tblskill (skillId, skilltypeid, Language1Id,Language2Id,DirectionTypeId,ModifiedByNaati,ModifiedDate,ModifiedUser) values (5028,38,1410,1410,4,0,getdate(),40)
INSERT INTO tblskill (skillId, skilltypeid, Language1Id,Language2Id,DirectionTypeId,ModifiedByNaati,ModifiedDate,ModifiedUser) values (5029,38,142,142,4,0,getdate(),40)
INSERT INTO tblskill (skillId, skilltypeid, Language1Id,Language2Id,DirectionTypeId,ModifiedByNaati,ModifiedDate,ModifiedUser) values (5030,38,134,134,4,0,getdate(),40)
INSERT INTO tblskill (skillId, skilltypeid, Language1Id,Language2Id,DirectionTypeId,ModifiedByNaati,ModifiedDate,ModifiedUser) values (5031,38,137,137,4,0,getdate(),40)
INSERT INTO tblskill (skillId, skilltypeid, Language1Id,Language2Id,DirectionTypeId,ModifiedByNaati,ModifiedDate,ModifiedUser) values (5032,38,138,138,4,0,getdate(),40)
INSERT INTO tblskill (skillId, skilltypeid, Language1Id,Language2Id,DirectionTypeId,ModifiedByNaati,ModifiedDate,ModifiedUser) values (5033,38,141,141,4,0,getdate(),40)
INSERT INTO tblskill (skillId, skilltypeid, Language1Id,Language2Id,DirectionTypeId,ModifiedByNaati,ModifiedDate,ModifiedUser) values (5034,38,143,143,4,0,getdate(),40)
INSERT INTO tblskill (skillId, skilltypeid, Language1Id,Language2Id,DirectionTypeId,ModifiedByNaati,ModifiedDate,ModifiedUser) values (5035,38,145,145,4,0,getdate(),40)
INSERT INTO tblskill (skillId, skilltypeid, Language1Id,Language2Id,DirectionTypeId,ModifiedByNaati,ModifiedDate,ModifiedUser) values (5036,38,148,148,4,0,getdate(),40)
INSERT INTO tblskill (skillId, skilltypeid, Language1Id,Language2Id,DirectionTypeId,ModifiedByNaati,ModifiedDate,ModifiedUser) values (5037,38,151,151,4,0,getdate(),40)
INSERT INTO tblskill (skillId, skilltypeid, Language1Id,Language2Id,DirectionTypeId,ModifiedByNaati,ModifiedDate,ModifiedUser) values (5038,38,154,154,4,0,getdate(),40)
INSERT INTO tblskill (skillId, skilltypeid, Language1Id,Language2Id,DirectionTypeId,ModifiedByNaati,ModifiedDate,ModifiedUser) values (5039,38,155,155,4,0,getdate(),40)
INSERT INTO tblskill (skillId, skilltypeid, Language1Id,Language2Id,DirectionTypeId,ModifiedByNaati,ModifiedDate,ModifiedUser) values (5040,38,1000,1000,4,0,getdate(),40)
INSERT INTO tblskill (skillId, skilltypeid, Language1Id,Language2Id,DirectionTypeId,ModifiedByNaati,ModifiedDate,ModifiedUser) values (5041,38,162,162,4,0,getdate(),40)
INSERT INTO tblskill (skillId, skilltypeid, Language1Id,Language2Id,DirectionTypeId,ModifiedByNaati,ModifiedDate,ModifiedUser) values (5042,38,168,168,4,0,getdate(),40)
INSERT INTO tblskill (skillId, skilltypeid, Language1Id,Language2Id,DirectionTypeId,ModifiedByNaati,ModifiedDate,ModifiedUser) values (5043,38,170,170,4,0,getdate(),40)
INSERT INTO tblskill (skillId, skilltypeid, Language1Id,Language2Id,DirectionTypeId,ModifiedByNaati,ModifiedDate,ModifiedUser) values (5044,38,176,176,4,0,getdate(),40)
INSERT INTO tblskill (skillId, skilltypeid, Language1Id,Language2Id,DirectionTypeId,ModifiedByNaati,ModifiedDate,ModifiedUser) values (5045,38,179,179,4,0,getdate(),40)
INSERT INTO tblskill (skillId, skilltypeid, Language1Id,Language2Id,DirectionTypeId,ModifiedByNaati,ModifiedDate,ModifiedUser) values (5046,38,181,181,4,0,getdate(),40)
INSERT INTO tblskill (skillId, skilltypeid, Language1Id,Language2Id,DirectionTypeId,ModifiedByNaati,ModifiedDate,ModifiedUser) values (5047,38,164,164,4,0,getdate(),40)
INSERT INTO tblskill (skillId, skilltypeid, Language1Id,Language2Id,DirectionTypeId,ModifiedByNaati,ModifiedDate,ModifiedUser) values (5048,38,62,62,4,0,getdate(),40)
INSERT INTO tblskill (skillId, skilltypeid, Language1Id,Language2Id,DirectionTypeId,ModifiedByNaati,ModifiedDate,ModifiedUser) values (5049,39,3,40,1,0,getdate(),40)
INSERT INTO tblskill (skillId, skilltypeid, Language1Id,Language2Id,DirectionTypeId,ModifiedByNaati,ModifiedDate,ModifiedUser) values (5050,39,3,40,2,0,getdate(),40)
INSERT INTO tblskill (skillId, skilltypeid, Language1Id,Language2Id,DirectionTypeId,ModifiedByNaati,ModifiedDate,ModifiedUser) values (5051,39,4,40,1,0,getdate(),40)
INSERT INTO tblskill (skillId, skilltypeid, Language1Id,Language2Id,DirectionTypeId,ModifiedByNaati,ModifiedDate,ModifiedUser) values (5052,39,4,40,2,0,getdate(),40)
INSERT INTO tblskill (skillId, skilltypeid, Language1Id,Language2Id,DirectionTypeId,ModifiedByNaati,ModifiedDate,ModifiedUser) values (5053,39,7,40,1,0,getdate(),40)
INSERT INTO tblskill (skillId, skilltypeid, Language1Id,Language2Id,DirectionTypeId,ModifiedByNaati,ModifiedDate,ModifiedUser) values (5054,39,7,40,2,0,getdate(),40)
INSERT INTO tblskill (skillId, skilltypeid, Language1Id,Language2Id,DirectionTypeId,ModifiedByNaati,ModifiedDate,ModifiedUser) values (5055,39,13,40,1,0,getdate(),40)
INSERT INTO tblskill (skillId, skilltypeid, Language1Id,Language2Id,DirectionTypeId,ModifiedByNaati,ModifiedDate,ModifiedUser) values (5056,39,13,40,2,0,getdate(),40)
INSERT INTO tblskill (skillId, skilltypeid, Language1Id,Language2Id,DirectionTypeId,ModifiedByNaati,ModifiedDate,ModifiedUser) values (5057,39,16,40,1,0,getdate(),40)
INSERT INTO tblskill (skillId, skilltypeid, Language1Id,Language2Id,DirectionTypeId,ModifiedByNaati,ModifiedDate,ModifiedUser) values (5058,39,16,40,2,0,getdate(),40)
INSERT INTO tblskill (skillId, skilltypeid, Language1Id,Language2Id,DirectionTypeId,ModifiedByNaati,ModifiedDate,ModifiedUser) values (5059,39,17,40,1,0,getdate(),40)
INSERT INTO tblskill (skillId, skilltypeid, Language1Id,Language2Id,DirectionTypeId,ModifiedByNaati,ModifiedDate,ModifiedUser) values (5060,39,17,40,2,0,getdate(),40)
INSERT INTO tblskill (skillId, skilltypeid, Language1Id,Language2Id,DirectionTypeId,ModifiedByNaati,ModifiedDate,ModifiedUser) values (5061,39,18,40,1,0,getdate(),40)
INSERT INTO tblskill (skillId, skilltypeid, Language1Id,Language2Id,DirectionTypeId,ModifiedByNaati,ModifiedDate,ModifiedUser) values (5062,39,18,40,2,0,getdate(),40)
INSERT INTO tblskill (skillId, skilltypeid, Language1Id,Language2Id,DirectionTypeId,ModifiedByNaati,ModifiedDate,ModifiedUser) values (5063,39,24,40,1,0,getdate(),40)
INSERT INTO tblskill (skillId, skilltypeid, Language1Id,Language2Id,DirectionTypeId,ModifiedByNaati,ModifiedDate,ModifiedUser) values (5064,39,24,40,2,0,getdate(),40)
INSERT INTO tblskill (skillId, skilltypeid, Language1Id,Language2Id,DirectionTypeId,ModifiedByNaati,ModifiedDate,ModifiedUser) values (5065,39,27,40,1,0,getdate(),40)
INSERT INTO tblskill (skillId, skilltypeid, Language1Id,Language2Id,DirectionTypeId,ModifiedByNaati,ModifiedDate,ModifiedUser) values (5066,39,27,40,2,0,getdate(),40)
INSERT INTO tblskill (skillId, skilltypeid, Language1Id,Language2Id,DirectionTypeId,ModifiedByNaati,ModifiedDate,ModifiedUser) values (5067,39,28,40,1,0,getdate(),40)
INSERT INTO tblskill (skillId, skilltypeid, Language1Id,Language2Id,DirectionTypeId,ModifiedByNaati,ModifiedDate,ModifiedUser) values (5068,39,28,40,2,0,getdate(),40)
INSERT INTO tblskill (skillId, skilltypeid, Language1Id,Language2Id,DirectionTypeId,ModifiedByNaati,ModifiedDate,ModifiedUser) values (5069,39,29,40,1,0,getdate(),40)
INSERT INTO tblskill (skillId, skilltypeid, Language1Id,Language2Id,DirectionTypeId,ModifiedByNaati,ModifiedDate,ModifiedUser) values (5070,39,29,40,2,0,getdate(),40)
INSERT INTO tblskill (skillId, skilltypeid, Language1Id,Language2Id,DirectionTypeId,ModifiedByNaati,ModifiedDate,ModifiedUser) values (5071,39,30,40,1,0,getdate(),40)
INSERT INTO tblskill (skillId, skilltypeid, Language1Id,Language2Id,DirectionTypeId,ModifiedByNaati,ModifiedDate,ModifiedUser) values (5072,39,30,40,2,0,getdate(),40)
INSERT INTO tblskill (skillId, skilltypeid, Language1Id,Language2Id,DirectionTypeId,ModifiedByNaati,ModifiedDate,ModifiedUser) values (5073,39,36,40,1,0,getdate(),40)
INSERT INTO tblskill (skillId, skilltypeid, Language1Id,Language2Id,DirectionTypeId,ModifiedByNaati,ModifiedDate,ModifiedUser) values (5074,39,36,40,2,0,getdate(),40)
INSERT INTO tblskill (skillId, skilltypeid, Language1Id,Language2Id,DirectionTypeId,ModifiedByNaati,ModifiedDate,ModifiedUser) values (5075,39,45,40,1,0,getdate(),40)
INSERT INTO tblskill (skillId, skilltypeid, Language1Id,Language2Id,DirectionTypeId,ModifiedByNaati,ModifiedDate,ModifiedUser) values (5076,39,45,40,2,0,getdate(),40)
INSERT INTO tblskill (skillId, skilltypeid, Language1Id,Language2Id,DirectionTypeId,ModifiedByNaati,ModifiedDate,ModifiedUser) values (5077,39,46,40,1,0,getdate(),40)
INSERT INTO tblskill (skillId, skilltypeid, Language1Id,Language2Id,DirectionTypeId,ModifiedByNaati,ModifiedDate,ModifiedUser) values (5078,39,46,40,2,0,getdate(),40)
INSERT INTO tblskill (skillId, skilltypeid, Language1Id,Language2Id,DirectionTypeId,ModifiedByNaati,ModifiedDate,ModifiedUser) values (5079,39,48,40,1,0,getdate(),40)
INSERT INTO tblskill (skillId, skilltypeid, Language1Id,Language2Id,DirectionTypeId,ModifiedByNaati,ModifiedDate,ModifiedUser) values (5080,39,48,40,2,0,getdate(),40)
INSERT INTO tblskill (skillId, skilltypeid, Language1Id,Language2Id,DirectionTypeId,ModifiedByNaati,ModifiedDate,ModifiedUser) values (5081,39,59,40,1,0,getdate(),40)
INSERT INTO tblskill (skillId, skilltypeid, Language1Id,Language2Id,DirectionTypeId,ModifiedByNaati,ModifiedDate,ModifiedUser) values (5082,39,59,40,2,0,getdate(),40)
INSERT INTO tblskill (skillId, skilltypeid, Language1Id,Language2Id,DirectionTypeId,ModifiedByNaati,ModifiedDate,ModifiedUser) values (5083,39,61,40,1,0,getdate(),40)
INSERT INTO tblskill (skillId, skilltypeid, Language1Id,Language2Id,DirectionTypeId,ModifiedByNaati,ModifiedDate,ModifiedUser) values (5084,39,61,40,2,0,getdate(),40)
INSERT INTO tblskill (skillId, skilltypeid, Language1Id,Language2Id,DirectionTypeId,ModifiedByNaati,ModifiedDate,ModifiedUser) values (5085,39,71,40,1,0,getdate(),40)
INSERT INTO tblskill (skillId, skilltypeid, Language1Id,Language2Id,DirectionTypeId,ModifiedByNaati,ModifiedDate,ModifiedUser) values (5086,39,71,40,2,0,getdate(),40)
INSERT INTO tblskill (skillId, skilltypeid, Language1Id,Language2Id,DirectionTypeId,ModifiedByNaati,ModifiedDate,ModifiedUser) values (5087,39,76,40,1,0,getdate(),40)
INSERT INTO tblskill (skillId, skilltypeid, Language1Id,Language2Id,DirectionTypeId,ModifiedByNaati,ModifiedDate,ModifiedUser) values (5088,39,76,40,2,0,getdate(),40)
INSERT INTO tblskill (skillId, skilltypeid, Language1Id,Language2Id,DirectionTypeId,ModifiedByNaati,ModifiedDate,ModifiedUser) values (5089,39,78,40,1,0,getdate(),40)
INSERT INTO tblskill (skillId, skilltypeid, Language1Id,Language2Id,DirectionTypeId,ModifiedByNaati,ModifiedDate,ModifiedUser) values (5090,39,78,40,2,0,getdate(),40)
INSERT INTO tblskill (skillId, skilltypeid, Language1Id,Language2Id,DirectionTypeId,ModifiedByNaati,ModifiedDate,ModifiedUser) values (5091,39,81,40,1,0,getdate(),40)
INSERT INTO tblskill (skillId, skilltypeid, Language1Id,Language2Id,DirectionTypeId,ModifiedByNaati,ModifiedDate,ModifiedUser) values (5092,39,81,40,2,0,getdate(),40)
INSERT INTO tblskill (skillId, skilltypeid, Language1Id,Language2Id,DirectionTypeId,ModifiedByNaati,ModifiedDate,ModifiedUser) values (5093,39,82,40,1,0,getdate(),40)
INSERT INTO tblskill (skillId, skilltypeid, Language1Id,Language2Id,DirectionTypeId,ModifiedByNaati,ModifiedDate,ModifiedUser) values (5094,39,82,40,2,0,getdate(),40)
INSERT INTO tblskill (skillId, skilltypeid, Language1Id,Language2Id,DirectionTypeId,ModifiedByNaati,ModifiedDate,ModifiedUser) values (5095,39,84,40,1,0,getdate(),40)
INSERT INTO tblskill (skillId, skilltypeid, Language1Id,Language2Id,DirectionTypeId,ModifiedByNaati,ModifiedDate,ModifiedUser) values (5096,39,84,40,2,0,getdate(),40)
INSERT INTO tblskill (skillId, skilltypeid, Language1Id,Language2Id,DirectionTypeId,ModifiedByNaati,ModifiedDate,ModifiedUser) values (5097,39,91,40,1,0,getdate(),40)
INSERT INTO tblskill (skillId, skilltypeid, Language1Id,Language2Id,DirectionTypeId,ModifiedByNaati,ModifiedDate,ModifiedUser) values (5098,39,91,40,2,0,getdate(),40)
INSERT INTO tblskill (skillId, skilltypeid, Language1Id,Language2Id,DirectionTypeId,ModifiedByNaati,ModifiedDate,ModifiedUser) values (5099,39,98,40,1,0,getdate(),40)
INSERT INTO tblskill (skillId, skilltypeid, Language1Id,Language2Id,DirectionTypeId,ModifiedByNaati,ModifiedDate,ModifiedUser) values (5100,39,98,40,2,0,getdate(),40)
INSERT INTO tblskill (skillId, skilltypeid, Language1Id,Language2Id,DirectionTypeId,ModifiedByNaati,ModifiedDate,ModifiedUser) values (5101,39,104,40,1,0,getdate(),40)
INSERT INTO tblskill (skillId, skilltypeid, Language1Id,Language2Id,DirectionTypeId,ModifiedByNaati,ModifiedDate,ModifiedUser) values (5102,39,104,40,2,0,getdate(),40)
INSERT INTO tblskill (skillId, skilltypeid, Language1Id,Language2Id,DirectionTypeId,ModifiedByNaati,ModifiedDate,ModifiedUser) values (5103,39,112,40,1,0,getdate(),40)
INSERT INTO tblskill (skillId, skilltypeid, Language1Id,Language2Id,DirectionTypeId,ModifiedByNaati,ModifiedDate,ModifiedUser) values (5104,39,112,40,2,0,getdate(),40)
INSERT INTO tblskill (skillId, skilltypeid, Language1Id,Language2Id,DirectionTypeId,ModifiedByNaati,ModifiedDate,ModifiedUser) values (5105,39,113,40,1,0,getdate(),40)
INSERT INTO tblskill (skillId, skilltypeid, Language1Id,Language2Id,DirectionTypeId,ModifiedByNaati,ModifiedDate,ModifiedUser) values (5106,39,113,40,2,0,getdate(),40)
INSERT INTO tblskill (skillId, skilltypeid, Language1Id,Language2Id,DirectionTypeId,ModifiedByNaati,ModifiedDate,ModifiedUser) values (5107,39,115,40,1,0,getdate(),40)
INSERT INTO tblskill (skillId, skilltypeid, Language1Id,Language2Id,DirectionTypeId,ModifiedByNaati,ModifiedDate,ModifiedUser) values (5108,39,115,40,2,0,getdate(),40)
INSERT INTO tblskill (skillId, skilltypeid, Language1Id,Language2Id,DirectionTypeId,ModifiedByNaati,ModifiedDate,ModifiedUser) values (5109,39,1410,40,1,0,getdate(),40)
INSERT INTO tblskill (skillId, skilltypeid, Language1Id,Language2Id,DirectionTypeId,ModifiedByNaati,ModifiedDate,ModifiedUser) values (5110,39,1410,40,2,0,getdate(),40)
INSERT INTO tblskill (skillId, skilltypeid, Language1Id,Language2Id,DirectionTypeId,ModifiedByNaati,ModifiedDate,ModifiedUser) values (5111,39,128,40,1,0,getdate(),40)
INSERT INTO tblskill (skillId, skilltypeid, Language1Id,Language2Id,DirectionTypeId,ModifiedByNaati,ModifiedDate,ModifiedUser) values (5112,39,128,40,2,0,getdate(),40)
INSERT INTO tblskill (skillId, skilltypeid, Language1Id,Language2Id,DirectionTypeId,ModifiedByNaati,ModifiedDate,ModifiedUser) values (5113,39,134,40,1,0,getdate(),40)
INSERT INTO tblskill (skillId, skilltypeid, Language1Id,Language2Id,DirectionTypeId,ModifiedByNaati,ModifiedDate,ModifiedUser) values (5114,39,134,40,2,0,getdate(),40)
INSERT INTO tblskill (skillId, skilltypeid, Language1Id,Language2Id,DirectionTypeId,ModifiedByNaati,ModifiedDate,ModifiedUser) values (5115,39,137,40,1,0,getdate(),40)
INSERT INTO tblskill (skillId, skilltypeid, Language1Id,Language2Id,DirectionTypeId,ModifiedByNaati,ModifiedDate,ModifiedUser) values (5116,39,137,40,2,0,getdate(),40)
INSERT INTO tblskill (skillId, skilltypeid, Language1Id,Language2Id,DirectionTypeId,ModifiedByNaati,ModifiedDate,ModifiedUser) values (5117,39,138,40,1,0,getdate(),40)
INSERT INTO tblskill (skillId, skilltypeid, Language1Id,Language2Id,DirectionTypeId,ModifiedByNaati,ModifiedDate,ModifiedUser) values (5118,39,138,40,2,0,getdate(),40)
INSERT INTO tblskill (skillId, skilltypeid, Language1Id,Language2Id,DirectionTypeId,ModifiedByNaati,ModifiedDate,ModifiedUser) values (5119,39,141,40,1,0,getdate(),40)
INSERT INTO tblskill (skillId, skilltypeid, Language1Id,Language2Id,DirectionTypeId,ModifiedByNaati,ModifiedDate,ModifiedUser) values (5120,39,141,40,2,0,getdate(),40)
INSERT INTO tblskill (skillId, skilltypeid, Language1Id,Language2Id,DirectionTypeId,ModifiedByNaati,ModifiedDate,ModifiedUser) values (5121,39,143,40,1,0,getdate(),40)
INSERT INTO tblskill (skillId, skilltypeid, Language1Id,Language2Id,DirectionTypeId,ModifiedByNaati,ModifiedDate,ModifiedUser) values (5122,39,143,40,2,0,getdate(),40)
INSERT INTO tblskill (skillId, skilltypeid, Language1Id,Language2Id,DirectionTypeId,ModifiedByNaati,ModifiedDate,ModifiedUser) values (5123,39,145,40,1,0,getdate(),40)
INSERT INTO tblskill (skillId, skilltypeid, Language1Id,Language2Id,DirectionTypeId,ModifiedByNaati,ModifiedDate,ModifiedUser) values (5124,39,145,40,2,0,getdate(),40)
INSERT INTO tblskill (skillId, skilltypeid, Language1Id,Language2Id,DirectionTypeId,ModifiedByNaati,ModifiedDate,ModifiedUser) values (5125,39,148,40,1,0,getdate(),40)
INSERT INTO tblskill (skillId, skilltypeid, Language1Id,Language2Id,DirectionTypeId,ModifiedByNaati,ModifiedDate,ModifiedUser) values (5126,39,148,40,2,0,getdate(),40)
INSERT INTO tblskill (skillId, skilltypeid, Language1Id,Language2Id,DirectionTypeId,ModifiedByNaati,ModifiedDate,ModifiedUser) values (5127,39,151,40,1,0,getdate(),40)
INSERT INTO tblskill (skillId, skilltypeid, Language1Id,Language2Id,DirectionTypeId,ModifiedByNaati,ModifiedDate,ModifiedUser) values (5128,39,151,40,2,0,getdate(),40)
INSERT INTO tblskill (skillId, skilltypeid, Language1Id,Language2Id,DirectionTypeId,ModifiedByNaati,ModifiedDate,ModifiedUser) values (5129,39,152,40,1,0,getdate(),40)
INSERT INTO tblskill (skillId, skilltypeid, Language1Id,Language2Id,DirectionTypeId,ModifiedByNaati,ModifiedDate,ModifiedUser) values (5130,39,152,40,2,0,getdate(),40)
INSERT INTO tblskill (skillId, skilltypeid, Language1Id,Language2Id,DirectionTypeId,ModifiedByNaati,ModifiedDate,ModifiedUser) values (5131,39,154,40,1,0,getdate(),40)
INSERT INTO tblskill (skillId, skilltypeid, Language1Id,Language2Id,DirectionTypeId,ModifiedByNaati,ModifiedDate,ModifiedUser) values (5132,39,154,40,2,0,getdate(),40)
INSERT INTO tblskill (skillId, skilltypeid, Language1Id,Language2Id,DirectionTypeId,ModifiedByNaati,ModifiedDate,ModifiedUser) values (5133,39,155,40,1,0,getdate(),40)
INSERT INTO tblskill (skillId, skilltypeid, Language1Id,Language2Id,DirectionTypeId,ModifiedByNaati,ModifiedDate,ModifiedUser) values (5134,39,155,40,2,0,getdate(),40)
INSERT INTO tblskill (skillId, skilltypeid, Language1Id,Language2Id,DirectionTypeId,ModifiedByNaati,ModifiedDate,ModifiedUser) values (5135,39,159,40,1,0,getdate(),40)
INSERT INTO tblskill (skillId, skilltypeid, Language1Id,Language2Id,DirectionTypeId,ModifiedByNaati,ModifiedDate,ModifiedUser) values (5136,39,159,40,2,0,getdate(),40)
INSERT INTO tblskill (skillId, skilltypeid, Language1Id,Language2Id,DirectionTypeId,ModifiedByNaati,ModifiedDate,ModifiedUser) values (5137,39,162,40,1,0,getdate(),40)
INSERT INTO tblskill (skillId, skilltypeid, Language1Id,Language2Id,DirectionTypeId,ModifiedByNaati,ModifiedDate,ModifiedUser) values (5138,39,162,40,2,0,getdate(),40)
INSERT INTO tblskill (skillId, skilltypeid, Language1Id,Language2Id,DirectionTypeId,ModifiedByNaati,ModifiedDate,ModifiedUser) values (5139,39,168,40,1,0,getdate(),40)
INSERT INTO tblskill (skillId, skilltypeid, Language1Id,Language2Id,DirectionTypeId,ModifiedByNaati,ModifiedDate,ModifiedUser) values (5140,39,168,40,2,0,getdate(),40)
INSERT INTO tblskill (skillId, skilltypeid, Language1Id,Language2Id,DirectionTypeId,ModifiedByNaati,ModifiedDate,ModifiedUser) values (5141,39,174,40,1,0,getdate(),40)
INSERT INTO tblskill (skillId, skilltypeid, Language1Id,Language2Id,DirectionTypeId,ModifiedByNaati,ModifiedDate,ModifiedUser) values (5142,39,174,40,2,0,getdate(),40)
INSERT INTO tblskill (skillId, skilltypeid, Language1Id,Language2Id,DirectionTypeId,ModifiedByNaati,ModifiedDate,ModifiedUser) values (5143,39,176,40,1,0,getdate(),40)
INSERT INTO tblskill (skillId, skilltypeid, Language1Id,Language2Id,DirectionTypeId,ModifiedByNaati,ModifiedDate,ModifiedUser) values (5144,39,176,40,2,0,getdate(),40)
INSERT INTO tblskill (skillId, skilltypeid, Language1Id,Language2Id,DirectionTypeId,ModifiedByNaati,ModifiedDate,ModifiedUser) values (5145,39,178,40,1,0,getdate(),40)
INSERT INTO tblskill (skillId, skilltypeid, Language1Id,Language2Id,DirectionTypeId,ModifiedByNaati,ModifiedDate,ModifiedUser) values (5146,39,178,40,2,0,getdate(),40)
INSERT INTO tblskill (skillId, skilltypeid, Language1Id,Language2Id,DirectionTypeId,ModifiedByNaati,ModifiedDate,ModifiedUser) values (5147,39,179,40,1,0,getdate(),40)
INSERT INTO tblskill (skillId, skilltypeid, Language1Id,Language2Id,DirectionTypeId,ModifiedByNaati,ModifiedDate,ModifiedUser) values (5148,39,179,40,2,0,getdate(),40)
INSERT INTO tblskill (skillId, skilltypeid, Language1Id,Language2Id,DirectionTypeId,ModifiedByNaati,ModifiedDate,ModifiedUser) values (5149,39,181,40,1,0,getdate(),40)
INSERT INTO tblskill (skillId, skilltypeid, Language1Id,Language2Id,DirectionTypeId,ModifiedByNaati,ModifiedDate,ModifiedUser) values (5150,39,181,40,2,0,getdate(),40)
INSERT INTO tblskill (skillId, skilltypeid, Language1Id,Language2Id,DirectionTypeId,ModifiedByNaati,ModifiedDate,ModifiedUser) values (5151,40,7,40,3,0,getdate(),40)
INSERT INTO tblskill (skillId, skilltypeid, Language1Id,Language2Id,DirectionTypeId,ModifiedByNaati,ModifiedDate,ModifiedUser) values (5152,40,13,40,3,0,getdate(),40)
INSERT INTO tblskill (skillId, skilltypeid, Language1Id,Language2Id,DirectionTypeId,ModifiedByNaati,ModifiedDate,ModifiedUser) values (5153,40,27,40,3,0,getdate(),40)
INSERT INTO tblskill (skillId, skilltypeid, Language1Id,Language2Id,DirectionTypeId,ModifiedByNaati,ModifiedDate,ModifiedUser) values (5154,40,59,40,3,0,getdate(),40)
INSERT INTO tblskill (skillId, skilltypeid, Language1Id,Language2Id,DirectionTypeId,ModifiedByNaati,ModifiedDate,ModifiedUser) values (5155,40,61,40,3,0,getdate(),40)
INSERT INTO tblskill (skillId, skilltypeid, Language1Id,Language2Id,DirectionTypeId,ModifiedByNaati,ModifiedDate,ModifiedUser) values (5156,40,81,40,3,0,getdate(),40)
INSERT INTO tblskill (skillId, skilltypeid, Language1Id,Language2Id,DirectionTypeId,ModifiedByNaati,ModifiedDate,ModifiedUser) values (5157,40,82,40,3,0,getdate(),40)
INSERT INTO tblskill (skillId, skilltypeid, Language1Id,Language2Id,DirectionTypeId,ModifiedByNaati,ModifiedDate,ModifiedUser) values (5158,40,84,40,3,0,getdate(),40)
INSERT INTO tblskill (skillId, skilltypeid, Language1Id,Language2Id,DirectionTypeId,ModifiedByNaati,ModifiedDate,ModifiedUser) values (5159,40,98,40,3,0,getdate(),40)
INSERT INTO tblskill (skillId, skilltypeid, Language1Id,Language2Id,DirectionTypeId,ModifiedByNaati,ModifiedDate,ModifiedUser) values (5160,40,112,40,3,0,getdate(),40)
INSERT INTO tblskill (skillId, skilltypeid, Language1Id,Language2Id,DirectionTypeId,ModifiedByNaati,ModifiedDate,ModifiedUser) values (5161,40,116,40,3,0,getdate(),40)
INSERT INTO tblskill (skillId, skilltypeid, Language1Id,Language2Id,DirectionTypeId,ModifiedByNaati,ModifiedDate,ModifiedUser) values (5162,40,1410,40,3,0,getdate(),40)
INSERT INTO tblskill (skillId, skilltypeid, Language1Id,Language2Id,DirectionTypeId,ModifiedByNaati,ModifiedDate,ModifiedUser) values (5163,40,142,40,3,0,getdate(),40)
INSERT INTO tblskill (skillId, skilltypeid, Language1Id,Language2Id,DirectionTypeId,ModifiedByNaati,ModifiedDate,ModifiedUser) values (5164,40,134,40,3,0,getdate(),40)
INSERT INTO tblskill (skillId, skilltypeid, Language1Id,Language2Id,DirectionTypeId,ModifiedByNaati,ModifiedDate,ModifiedUser) values (5165,40,145,40,3,0,getdate(),40)
INSERT INTO tblskill (skillId, skilltypeid, Language1Id,Language2Id,DirectionTypeId,ModifiedByNaati,ModifiedDate,ModifiedUser) values (5166,40,151,40,3,0,getdate(),40)
INSERT INTO tblskill (skillId, skilltypeid, Language1Id,Language2Id,DirectionTypeId,ModifiedByNaati,ModifiedDate,ModifiedUser) values (5167,40,155,40,3,0,getdate(),40)
INSERT INTO tblskill (skillId, skilltypeid, Language1Id,Language2Id,DirectionTypeId,ModifiedByNaati,ModifiedDate,ModifiedUser) values (5168,40,162,40,3,0,getdate(),40)
INSERT INTO tblskill (skillId, skilltypeid, Language1Id,Language2Id,DirectionTypeId,ModifiedByNaati,ModifiedDate,ModifiedUser) values (5169,40,168,40,3,0,getdate(),40)
INSERT INTO tblskill (skillId, skilltypeid, Language1Id,Language2Id,DirectionTypeId,ModifiedByNaati,ModifiedDate,ModifiedUser) values (5170,40,176,40,3,0,getdate(),40)
INSERT INTO tblskill (skillId, skilltypeid, Language1Id,Language2Id,DirectionTypeId,ModifiedByNaati,ModifiedDate,ModifiedUser) values (5171,40,181,40,3,0,getdate(),40)
SET IDENTITY_INSERT tblSkill OFF

SET IDENTITY_INSERT tblSkillApplicationType ON

INSERT INTO tblSkillApplicationType (SkillApplicationTypeId, SkillId,CredentialApplicationTypeId,ModifiedByNaati,ModifiedDate,ModifiedUser) VALUES (7000,5000,17,0,getdate(),40)
INSERT INTO tblSkillApplicationType (SkillApplicationTypeId, SkillId,CredentialApplicationTypeId,ModifiedByNaati,ModifiedDate,ModifiedUser) VALUES (7001,5001,17,0,getdate(),40)
INSERT INTO tblSkillApplicationType (SkillApplicationTypeId, SkillId,CredentialApplicationTypeId,ModifiedByNaati,ModifiedDate,ModifiedUser) VALUES (7002,5002,17,0,getdate(),40)
INSERT INTO tblSkillApplicationType (SkillApplicationTypeId, SkillId,CredentialApplicationTypeId,ModifiedByNaati,ModifiedDate,ModifiedUser) VALUES (7003,5003,17,0,getdate(),40)
INSERT INTO tblSkillApplicationType (SkillApplicationTypeId, SkillId,CredentialApplicationTypeId,ModifiedByNaati,ModifiedDate,ModifiedUser) VALUES (7004,5004,17,0,getdate(),40)
INSERT INTO tblSkillApplicationType (SkillApplicationTypeId, SkillId,CredentialApplicationTypeId,ModifiedByNaati,ModifiedDate,ModifiedUser) VALUES (7005,5005,17,0,getdate(),40)
INSERT INTO tblSkillApplicationType (SkillApplicationTypeId, SkillId,CredentialApplicationTypeId,ModifiedByNaati,ModifiedDate,ModifiedUser) VALUES (7006,5006,17,0,getdate(),40)
INSERT INTO tblSkillApplicationType (SkillApplicationTypeId, SkillId,CredentialApplicationTypeId,ModifiedByNaati,ModifiedDate,ModifiedUser) VALUES (7007,5007,17,0,getdate(),40)
INSERT INTO tblSkillApplicationType (SkillApplicationTypeId, SkillId,CredentialApplicationTypeId,ModifiedByNaati,ModifiedDate,ModifiedUser) VALUES (7008,5008,17,0,getdate(),40)
INSERT INTO tblSkillApplicationType (SkillApplicationTypeId, SkillId,CredentialApplicationTypeId,ModifiedByNaati,ModifiedDate,ModifiedUser) VALUES (7009,5009,17,0,getdate(),40)
INSERT INTO tblSkillApplicationType (SkillApplicationTypeId, SkillId,CredentialApplicationTypeId,ModifiedByNaati,ModifiedDate,ModifiedUser) VALUES (7010,5010,17,0,getdate(),40)
INSERT INTO tblSkillApplicationType (SkillApplicationTypeId, SkillId,CredentialApplicationTypeId,ModifiedByNaati,ModifiedDate,ModifiedUser) VALUES (7011,5011,17,0,getdate(),40)
INSERT INTO tblSkillApplicationType (SkillApplicationTypeId, SkillId,CredentialApplicationTypeId,ModifiedByNaati,ModifiedDate,ModifiedUser) VALUES (7012,5012,17,0,getdate(),40)
INSERT INTO tblSkillApplicationType (SkillApplicationTypeId, SkillId,CredentialApplicationTypeId,ModifiedByNaati,ModifiedDate,ModifiedUser) VALUES (7013,5013,17,0,getdate(),40)
INSERT INTO tblSkillApplicationType (SkillApplicationTypeId, SkillId,CredentialApplicationTypeId,ModifiedByNaati,ModifiedDate,ModifiedUser) VALUES (7014,5014,17,0,getdate(),40)
INSERT INTO tblSkillApplicationType (SkillApplicationTypeId, SkillId,CredentialApplicationTypeId,ModifiedByNaati,ModifiedDate,ModifiedUser) VALUES (7015,5015,17,0,getdate(),40)
INSERT INTO tblSkillApplicationType (SkillApplicationTypeId, SkillId,CredentialApplicationTypeId,ModifiedByNaati,ModifiedDate,ModifiedUser) VALUES (7016,5016,17,0,getdate(),40)
INSERT INTO tblSkillApplicationType (SkillApplicationTypeId, SkillId,CredentialApplicationTypeId,ModifiedByNaati,ModifiedDate,ModifiedUser) VALUES (7017,5017,17,0,getdate(),40)
INSERT INTO tblSkillApplicationType (SkillApplicationTypeId, SkillId,CredentialApplicationTypeId,ModifiedByNaati,ModifiedDate,ModifiedUser) VALUES (7018,5018,17,0,getdate(),40)
INSERT INTO tblSkillApplicationType (SkillApplicationTypeId, SkillId,CredentialApplicationTypeId,ModifiedByNaati,ModifiedDate,ModifiedUser) VALUES (7019,5019,17,0,getdate(),40)
INSERT INTO tblSkillApplicationType (SkillApplicationTypeId, SkillId,CredentialApplicationTypeId,ModifiedByNaati,ModifiedDate,ModifiedUser) VALUES (7020,5020,17,0,getdate(),40)
INSERT INTO tblSkillApplicationType (SkillApplicationTypeId, SkillId,CredentialApplicationTypeId,ModifiedByNaati,ModifiedDate,ModifiedUser) VALUES (7021,5021,17,0,getdate(),40)
INSERT INTO tblSkillApplicationType (SkillApplicationTypeId, SkillId,CredentialApplicationTypeId,ModifiedByNaati,ModifiedDate,ModifiedUser) VALUES (7022,5022,17,0,getdate(),40)
INSERT INTO tblSkillApplicationType (SkillApplicationTypeId, SkillId,CredentialApplicationTypeId,ModifiedByNaati,ModifiedDate,ModifiedUser) VALUES (7023,5023,17,0,getdate(),40)
INSERT INTO tblSkillApplicationType (SkillApplicationTypeId, SkillId,CredentialApplicationTypeId,ModifiedByNaati,ModifiedDate,ModifiedUser) VALUES (7024,5024,17,0,getdate(),40)
INSERT INTO tblSkillApplicationType (SkillApplicationTypeId, SkillId,CredentialApplicationTypeId,ModifiedByNaati,ModifiedDate,ModifiedUser) VALUES (7025,5025,17,0,getdate(),40)
INSERT INTO tblSkillApplicationType (SkillApplicationTypeId, SkillId,CredentialApplicationTypeId,ModifiedByNaati,ModifiedDate,ModifiedUser) VALUES (7026,5026,17,0,getdate(),40)
INSERT INTO tblSkillApplicationType (SkillApplicationTypeId, SkillId,CredentialApplicationTypeId,ModifiedByNaati,ModifiedDate,ModifiedUser) VALUES (7027,5027,17,0,getdate(),40)
INSERT INTO tblSkillApplicationType (SkillApplicationTypeId, SkillId,CredentialApplicationTypeId,ModifiedByNaati,ModifiedDate,ModifiedUser) VALUES (7028,5028,17,0,getdate(),40)
INSERT INTO tblSkillApplicationType (SkillApplicationTypeId, SkillId,CredentialApplicationTypeId,ModifiedByNaati,ModifiedDate,ModifiedUser) VALUES (7029,5029,17,0,getdate(),40)
INSERT INTO tblSkillApplicationType (SkillApplicationTypeId, SkillId,CredentialApplicationTypeId,ModifiedByNaati,ModifiedDate,ModifiedUser) VALUES (7030,5030,17,0,getdate(),40)
INSERT INTO tblSkillApplicationType (SkillApplicationTypeId, SkillId,CredentialApplicationTypeId,ModifiedByNaati,ModifiedDate,ModifiedUser) VALUES (7031,5031,17,0,getdate(),40)
INSERT INTO tblSkillApplicationType (SkillApplicationTypeId, SkillId,CredentialApplicationTypeId,ModifiedByNaati,ModifiedDate,ModifiedUser) VALUES (7032,5032,17,0,getdate(),40)
INSERT INTO tblSkillApplicationType (SkillApplicationTypeId, SkillId,CredentialApplicationTypeId,ModifiedByNaati,ModifiedDate,ModifiedUser) VALUES (7033,5033,17,0,getdate(),40)
INSERT INTO tblSkillApplicationType (SkillApplicationTypeId, SkillId,CredentialApplicationTypeId,ModifiedByNaati,ModifiedDate,ModifiedUser) VALUES (7034,5034,17,0,getdate(),40)
INSERT INTO tblSkillApplicationType (SkillApplicationTypeId, SkillId,CredentialApplicationTypeId,ModifiedByNaati,ModifiedDate,ModifiedUser) VALUES (7035,5035,17,0,getdate(),40)
INSERT INTO tblSkillApplicationType (SkillApplicationTypeId, SkillId,CredentialApplicationTypeId,ModifiedByNaati,ModifiedDate,ModifiedUser) VALUES (7036,5036,17,0,getdate(),40)
INSERT INTO tblSkillApplicationType (SkillApplicationTypeId, SkillId,CredentialApplicationTypeId,ModifiedByNaati,ModifiedDate,ModifiedUser) VALUES (7037,5037,17,0,getdate(),40)
INSERT INTO tblSkillApplicationType (SkillApplicationTypeId, SkillId,CredentialApplicationTypeId,ModifiedByNaati,ModifiedDate,ModifiedUser) VALUES (7038,5038,17,0,getdate(),40)
INSERT INTO tblSkillApplicationType (SkillApplicationTypeId, SkillId,CredentialApplicationTypeId,ModifiedByNaati,ModifiedDate,ModifiedUser) VALUES (7039,5039,17,0,getdate(),40)
INSERT INTO tblSkillApplicationType (SkillApplicationTypeId, SkillId,CredentialApplicationTypeId,ModifiedByNaati,ModifiedDate,ModifiedUser) VALUES (7040,5040,17,0,getdate(),40)
INSERT INTO tblSkillApplicationType (SkillApplicationTypeId, SkillId,CredentialApplicationTypeId,ModifiedByNaati,ModifiedDate,ModifiedUser) VALUES (7041,5041,17,0,getdate(),40)
INSERT INTO tblSkillApplicationType (SkillApplicationTypeId, SkillId,CredentialApplicationTypeId,ModifiedByNaati,ModifiedDate,ModifiedUser) VALUES (7042,5042,17,0,getdate(),40)
INSERT INTO tblSkillApplicationType (SkillApplicationTypeId, SkillId,CredentialApplicationTypeId,ModifiedByNaati,ModifiedDate,ModifiedUser) VALUES (7043,5043,17,0,getdate(),40)
INSERT INTO tblSkillApplicationType (SkillApplicationTypeId, SkillId,CredentialApplicationTypeId,ModifiedByNaati,ModifiedDate,ModifiedUser) VALUES (7044,5044,17,0,getdate(),40)
INSERT INTO tblSkillApplicationType (SkillApplicationTypeId, SkillId,CredentialApplicationTypeId,ModifiedByNaati,ModifiedDate,ModifiedUser) VALUES (7045,5045,17,0,getdate(),40)
INSERT INTO tblSkillApplicationType (SkillApplicationTypeId, SkillId,CredentialApplicationTypeId,ModifiedByNaati,ModifiedDate,ModifiedUser) VALUES (7046,5046,17,0,getdate(),40)
INSERT INTO tblSkillApplicationType (SkillApplicationTypeId, SkillId,CredentialApplicationTypeId,ModifiedByNaati,ModifiedDate,ModifiedUser) VALUES (7047,5047,17,0,getdate(),40)
INSERT INTO tblSkillApplicationType (SkillApplicationTypeId, SkillId,CredentialApplicationTypeId,ModifiedByNaati,ModifiedDate,ModifiedUser) VALUES (7048,5048,17,0,getdate(),40)
INSERT INTO tblSkillApplicationType (SkillApplicationTypeId, SkillId,CredentialApplicationTypeId,ModifiedByNaati,ModifiedDate,ModifiedUser) VALUES (7049,5049,17,0,getdate(),40)
INSERT INTO tblSkillApplicationType (SkillApplicationTypeId, SkillId,CredentialApplicationTypeId,ModifiedByNaati,ModifiedDate,ModifiedUser) VALUES (7050,5050,17,0,getdate(),40)
INSERT INTO tblSkillApplicationType (SkillApplicationTypeId, SkillId,CredentialApplicationTypeId,ModifiedByNaati,ModifiedDate,ModifiedUser) VALUES (7051,5051,17,0,getdate(),40)
INSERT INTO tblSkillApplicationType (SkillApplicationTypeId, SkillId,CredentialApplicationTypeId,ModifiedByNaati,ModifiedDate,ModifiedUser) VALUES (7052,5052,17,0,getdate(),40)
INSERT INTO tblSkillApplicationType (SkillApplicationTypeId, SkillId,CredentialApplicationTypeId,ModifiedByNaati,ModifiedDate,ModifiedUser) VALUES (7053,5053,17,0,getdate(),40)
INSERT INTO tblSkillApplicationType (SkillApplicationTypeId, SkillId,CredentialApplicationTypeId,ModifiedByNaati,ModifiedDate,ModifiedUser) VALUES (7054,5054,17,0,getdate(),40)
INSERT INTO tblSkillApplicationType (SkillApplicationTypeId, SkillId,CredentialApplicationTypeId,ModifiedByNaati,ModifiedDate,ModifiedUser) VALUES (7055,5055,17,0,getdate(),40)
INSERT INTO tblSkillApplicationType (SkillApplicationTypeId, SkillId,CredentialApplicationTypeId,ModifiedByNaati,ModifiedDate,ModifiedUser) VALUES (7056,5056,17,0,getdate(),40)
INSERT INTO tblSkillApplicationType (SkillApplicationTypeId, SkillId,CredentialApplicationTypeId,ModifiedByNaati,ModifiedDate,ModifiedUser) VALUES (7057,5057,17,0,getdate(),40)
INSERT INTO tblSkillApplicationType (SkillApplicationTypeId, SkillId,CredentialApplicationTypeId,ModifiedByNaati,ModifiedDate,ModifiedUser) VALUES (7058,5058,17,0,getdate(),40)
INSERT INTO tblSkillApplicationType (SkillApplicationTypeId, SkillId,CredentialApplicationTypeId,ModifiedByNaati,ModifiedDate,ModifiedUser) VALUES (7059,5059,17,0,getdate(),40)
INSERT INTO tblSkillApplicationType (SkillApplicationTypeId, SkillId,CredentialApplicationTypeId,ModifiedByNaati,ModifiedDate,ModifiedUser) VALUES (7060,5060,17,0,getdate(),40)
INSERT INTO tblSkillApplicationType (SkillApplicationTypeId, SkillId,CredentialApplicationTypeId,ModifiedByNaati,ModifiedDate,ModifiedUser) VALUES (7061,5061,17,0,getdate(),40)
INSERT INTO tblSkillApplicationType (SkillApplicationTypeId, SkillId,CredentialApplicationTypeId,ModifiedByNaati,ModifiedDate,ModifiedUser) VALUES (7062,5062,17,0,getdate(),40)
INSERT INTO tblSkillApplicationType (SkillApplicationTypeId, SkillId,CredentialApplicationTypeId,ModifiedByNaati,ModifiedDate,ModifiedUser) VALUES (7063,5063,17,0,getdate(),40)
INSERT INTO tblSkillApplicationType (SkillApplicationTypeId, SkillId,CredentialApplicationTypeId,ModifiedByNaati,ModifiedDate,ModifiedUser) VALUES (7064,5064,17,0,getdate(),40)
INSERT INTO tblSkillApplicationType (SkillApplicationTypeId, SkillId,CredentialApplicationTypeId,ModifiedByNaati,ModifiedDate,ModifiedUser) VALUES (7065,5065,17,0,getdate(),40)
INSERT INTO tblSkillApplicationType (SkillApplicationTypeId, SkillId,CredentialApplicationTypeId,ModifiedByNaati,ModifiedDate,ModifiedUser) VALUES (7066,5066,17,0,getdate(),40)
INSERT INTO tblSkillApplicationType (SkillApplicationTypeId, SkillId,CredentialApplicationTypeId,ModifiedByNaati,ModifiedDate,ModifiedUser) VALUES (7067,5067,17,0,getdate(),40)
INSERT INTO tblSkillApplicationType (SkillApplicationTypeId, SkillId,CredentialApplicationTypeId,ModifiedByNaati,ModifiedDate,ModifiedUser) VALUES (7068,5068,17,0,getdate(),40)
INSERT INTO tblSkillApplicationType (SkillApplicationTypeId, SkillId,CredentialApplicationTypeId,ModifiedByNaati,ModifiedDate,ModifiedUser) VALUES (7069,5069,17,0,getdate(),40)
INSERT INTO tblSkillApplicationType (SkillApplicationTypeId, SkillId,CredentialApplicationTypeId,ModifiedByNaati,ModifiedDate,ModifiedUser) VALUES (7070,5070,17,0,getdate(),40)
INSERT INTO tblSkillApplicationType (SkillApplicationTypeId, SkillId,CredentialApplicationTypeId,ModifiedByNaati,ModifiedDate,ModifiedUser) VALUES (7071,5071,17,0,getdate(),40)
INSERT INTO tblSkillApplicationType (SkillApplicationTypeId, SkillId,CredentialApplicationTypeId,ModifiedByNaati,ModifiedDate,ModifiedUser) VALUES (7072,5072,17,0,getdate(),40)
INSERT INTO tblSkillApplicationType (SkillApplicationTypeId, SkillId,CredentialApplicationTypeId,ModifiedByNaati,ModifiedDate,ModifiedUser) VALUES (7073,5073,17,0,getdate(),40)
INSERT INTO tblSkillApplicationType (SkillApplicationTypeId, SkillId,CredentialApplicationTypeId,ModifiedByNaati,ModifiedDate,ModifiedUser) VALUES (7074,5074,17,0,getdate(),40)
INSERT INTO tblSkillApplicationType (SkillApplicationTypeId, SkillId,CredentialApplicationTypeId,ModifiedByNaati,ModifiedDate,ModifiedUser) VALUES (7075,5075,17,0,getdate(),40)
INSERT INTO tblSkillApplicationType (SkillApplicationTypeId, SkillId,CredentialApplicationTypeId,ModifiedByNaati,ModifiedDate,ModifiedUser) VALUES (7076,5076,17,0,getdate(),40)
INSERT INTO tblSkillApplicationType (SkillApplicationTypeId, SkillId,CredentialApplicationTypeId,ModifiedByNaati,ModifiedDate,ModifiedUser) VALUES (7077,5077,17,0,getdate(),40)
INSERT INTO tblSkillApplicationType (SkillApplicationTypeId, SkillId,CredentialApplicationTypeId,ModifiedByNaati,ModifiedDate,ModifiedUser) VALUES (7078,5078,17,0,getdate(),40)
INSERT INTO tblSkillApplicationType (SkillApplicationTypeId, SkillId,CredentialApplicationTypeId,ModifiedByNaati,ModifiedDate,ModifiedUser) VALUES (7079,5079,17,0,getdate(),40)
INSERT INTO tblSkillApplicationType (SkillApplicationTypeId, SkillId,CredentialApplicationTypeId,ModifiedByNaati,ModifiedDate,ModifiedUser) VALUES (7080,5080,17,0,getdate(),40)
INSERT INTO tblSkillApplicationType (SkillApplicationTypeId, SkillId,CredentialApplicationTypeId,ModifiedByNaati,ModifiedDate,ModifiedUser) VALUES (7081,5081,17,0,getdate(),40)
INSERT INTO tblSkillApplicationType (SkillApplicationTypeId, SkillId,CredentialApplicationTypeId,ModifiedByNaati,ModifiedDate,ModifiedUser) VALUES (7082,5082,17,0,getdate(),40)
INSERT INTO tblSkillApplicationType (SkillApplicationTypeId, SkillId,CredentialApplicationTypeId,ModifiedByNaati,ModifiedDate,ModifiedUser) VALUES (7083,5083,17,0,getdate(),40)
INSERT INTO tblSkillApplicationType (SkillApplicationTypeId, SkillId,CredentialApplicationTypeId,ModifiedByNaati,ModifiedDate,ModifiedUser) VALUES (7084,5084,17,0,getdate(),40)
INSERT INTO tblSkillApplicationType (SkillApplicationTypeId, SkillId,CredentialApplicationTypeId,ModifiedByNaati,ModifiedDate,ModifiedUser) VALUES (7085,5085,17,0,getdate(),40)
INSERT INTO tblSkillApplicationType (SkillApplicationTypeId, SkillId,CredentialApplicationTypeId,ModifiedByNaati,ModifiedDate,ModifiedUser) VALUES (7086,5086,17,0,getdate(),40)
INSERT INTO tblSkillApplicationType (SkillApplicationTypeId, SkillId,CredentialApplicationTypeId,ModifiedByNaati,ModifiedDate,ModifiedUser) VALUES (7087,5087,17,0,getdate(),40)
INSERT INTO tblSkillApplicationType (SkillApplicationTypeId, SkillId,CredentialApplicationTypeId,ModifiedByNaati,ModifiedDate,ModifiedUser) VALUES (7088,5088,17,0,getdate(),40)
INSERT INTO tblSkillApplicationType (SkillApplicationTypeId, SkillId,CredentialApplicationTypeId,ModifiedByNaati,ModifiedDate,ModifiedUser) VALUES (7089,5089,17,0,getdate(),40)
INSERT INTO tblSkillApplicationType (SkillApplicationTypeId, SkillId,CredentialApplicationTypeId,ModifiedByNaati,ModifiedDate,ModifiedUser) VALUES (7090,5090,17,0,getdate(),40)
INSERT INTO tblSkillApplicationType (SkillApplicationTypeId, SkillId,CredentialApplicationTypeId,ModifiedByNaati,ModifiedDate,ModifiedUser) VALUES (7091,5091,17,0,getdate(),40)
INSERT INTO tblSkillApplicationType (SkillApplicationTypeId, SkillId,CredentialApplicationTypeId,ModifiedByNaati,ModifiedDate,ModifiedUser) VALUES (7092,5092,17,0,getdate(),40)
INSERT INTO tblSkillApplicationType (SkillApplicationTypeId, SkillId,CredentialApplicationTypeId,ModifiedByNaati,ModifiedDate,ModifiedUser) VALUES (7093,5093,17,0,getdate(),40)
INSERT INTO tblSkillApplicationType (SkillApplicationTypeId, SkillId,CredentialApplicationTypeId,ModifiedByNaati,ModifiedDate,ModifiedUser) VALUES (7094,5094,17,0,getdate(),40)
INSERT INTO tblSkillApplicationType (SkillApplicationTypeId, SkillId,CredentialApplicationTypeId,ModifiedByNaati,ModifiedDate,ModifiedUser) VALUES (7095,5095,17,0,getdate(),40)
INSERT INTO tblSkillApplicationType (SkillApplicationTypeId, SkillId,CredentialApplicationTypeId,ModifiedByNaati,ModifiedDate,ModifiedUser) VALUES (7096,5096,17,0,getdate(),40)
INSERT INTO tblSkillApplicationType (SkillApplicationTypeId, SkillId,CredentialApplicationTypeId,ModifiedByNaati,ModifiedDate,ModifiedUser) VALUES (7097,5097,17,0,getdate(),40)
INSERT INTO tblSkillApplicationType (SkillApplicationTypeId, SkillId,CredentialApplicationTypeId,ModifiedByNaati,ModifiedDate,ModifiedUser) VALUES (7098,5098,17,0,getdate(),40)
INSERT INTO tblSkillApplicationType (SkillApplicationTypeId, SkillId,CredentialApplicationTypeId,ModifiedByNaati,ModifiedDate,ModifiedUser) VALUES (7099,5099,17,0,getdate(),40)
INSERT INTO tblSkillApplicationType (SkillApplicationTypeId, SkillId,CredentialApplicationTypeId,ModifiedByNaati,ModifiedDate,ModifiedUser) VALUES (7100,5100,17,0,getdate(),40)
INSERT INTO tblSkillApplicationType (SkillApplicationTypeId, SkillId,CredentialApplicationTypeId,ModifiedByNaati,ModifiedDate,ModifiedUser) VALUES (7101,5101,17,0,getdate(),40)
INSERT INTO tblSkillApplicationType (SkillApplicationTypeId, SkillId,CredentialApplicationTypeId,ModifiedByNaati,ModifiedDate,ModifiedUser) VALUES (7102,5102,17,0,getdate(),40)
INSERT INTO tblSkillApplicationType (SkillApplicationTypeId, SkillId,CredentialApplicationTypeId,ModifiedByNaati,ModifiedDate,ModifiedUser) VALUES (7103,5103,17,0,getdate(),40)
INSERT INTO tblSkillApplicationType (SkillApplicationTypeId, SkillId,CredentialApplicationTypeId,ModifiedByNaati,ModifiedDate,ModifiedUser) VALUES (7104,5104,17,0,getdate(),40)
INSERT INTO tblSkillApplicationType (SkillApplicationTypeId, SkillId,CredentialApplicationTypeId,ModifiedByNaati,ModifiedDate,ModifiedUser) VALUES (7105,5105,17,0,getdate(),40)
INSERT INTO tblSkillApplicationType (SkillApplicationTypeId, SkillId,CredentialApplicationTypeId,ModifiedByNaati,ModifiedDate,ModifiedUser) VALUES (7106,5106,17,0,getdate(),40)
INSERT INTO tblSkillApplicationType (SkillApplicationTypeId, SkillId,CredentialApplicationTypeId,ModifiedByNaati,ModifiedDate,ModifiedUser) VALUES (7107,5107,17,0,getdate(),40)
INSERT INTO tblSkillApplicationType (SkillApplicationTypeId, SkillId,CredentialApplicationTypeId,ModifiedByNaati,ModifiedDate,ModifiedUser) VALUES (7108,5108,17,0,getdate(),40)
INSERT INTO tblSkillApplicationType (SkillApplicationTypeId, SkillId,CredentialApplicationTypeId,ModifiedByNaati,ModifiedDate,ModifiedUser) VALUES (7109,5109,17,0,getdate(),40)
INSERT INTO tblSkillApplicationType (SkillApplicationTypeId, SkillId,CredentialApplicationTypeId,ModifiedByNaati,ModifiedDate,ModifiedUser) VALUES (7110,5110,17,0,getdate(),40)
INSERT INTO tblSkillApplicationType (SkillApplicationTypeId, SkillId,CredentialApplicationTypeId,ModifiedByNaati,ModifiedDate,ModifiedUser) VALUES (7111,5111,17,0,getdate(),40)
INSERT INTO tblSkillApplicationType (SkillApplicationTypeId, SkillId,CredentialApplicationTypeId,ModifiedByNaati,ModifiedDate,ModifiedUser) VALUES (7112,5112,17,0,getdate(),40)
INSERT INTO tblSkillApplicationType (SkillApplicationTypeId, SkillId,CredentialApplicationTypeId,ModifiedByNaati,ModifiedDate,ModifiedUser) VALUES (7113,5113,17,0,getdate(),40)
INSERT INTO tblSkillApplicationType (SkillApplicationTypeId, SkillId,CredentialApplicationTypeId,ModifiedByNaati,ModifiedDate,ModifiedUser) VALUES (7114,5114,17,0,getdate(),40)
INSERT INTO tblSkillApplicationType (SkillApplicationTypeId, SkillId,CredentialApplicationTypeId,ModifiedByNaati,ModifiedDate,ModifiedUser) VALUES (7115,5115,17,0,getdate(),40)
INSERT INTO tblSkillApplicationType (SkillApplicationTypeId, SkillId,CredentialApplicationTypeId,ModifiedByNaati,ModifiedDate,ModifiedUser) VALUES (7116,5116,17,0,getdate(),40)
INSERT INTO tblSkillApplicationType (SkillApplicationTypeId, SkillId,CredentialApplicationTypeId,ModifiedByNaati,ModifiedDate,ModifiedUser) VALUES (7117,5117,17,0,getdate(),40)
INSERT INTO tblSkillApplicationType (SkillApplicationTypeId, SkillId,CredentialApplicationTypeId,ModifiedByNaati,ModifiedDate,ModifiedUser) VALUES (7118,5118,17,0,getdate(),40)
INSERT INTO tblSkillApplicationType (SkillApplicationTypeId, SkillId,CredentialApplicationTypeId,ModifiedByNaati,ModifiedDate,ModifiedUser) VALUES (7119,5119,17,0,getdate(),40)
INSERT INTO tblSkillApplicationType (SkillApplicationTypeId, SkillId,CredentialApplicationTypeId,ModifiedByNaati,ModifiedDate,ModifiedUser) VALUES (7120,5120,17,0,getdate(),40)
INSERT INTO tblSkillApplicationType (SkillApplicationTypeId, SkillId,CredentialApplicationTypeId,ModifiedByNaati,ModifiedDate,ModifiedUser) VALUES (7121,5121,17,0,getdate(),40)
INSERT INTO tblSkillApplicationType (SkillApplicationTypeId, SkillId,CredentialApplicationTypeId,ModifiedByNaati,ModifiedDate,ModifiedUser) VALUES (7122,5122,17,0,getdate(),40)
INSERT INTO tblSkillApplicationType (SkillApplicationTypeId, SkillId,CredentialApplicationTypeId,ModifiedByNaati,ModifiedDate,ModifiedUser) VALUES (7123,5123,17,0,getdate(),40)
INSERT INTO tblSkillApplicationType (SkillApplicationTypeId, SkillId,CredentialApplicationTypeId,ModifiedByNaati,ModifiedDate,ModifiedUser) VALUES (7124,5124,17,0,getdate(),40)
INSERT INTO tblSkillApplicationType (SkillApplicationTypeId, SkillId,CredentialApplicationTypeId,ModifiedByNaati,ModifiedDate,ModifiedUser) VALUES (7125,5125,17,0,getdate(),40)
INSERT INTO tblSkillApplicationType (SkillApplicationTypeId, SkillId,CredentialApplicationTypeId,ModifiedByNaati,ModifiedDate,ModifiedUser) VALUES (7126,5126,17,0,getdate(),40)
INSERT INTO tblSkillApplicationType (SkillApplicationTypeId, SkillId,CredentialApplicationTypeId,ModifiedByNaati,ModifiedDate,ModifiedUser) VALUES (7127,5127,17,0,getdate(),40)
INSERT INTO tblSkillApplicationType (SkillApplicationTypeId, SkillId,CredentialApplicationTypeId,ModifiedByNaati,ModifiedDate,ModifiedUser) VALUES (7128,5128,17,0,getdate(),40)
INSERT INTO tblSkillApplicationType (SkillApplicationTypeId, SkillId,CredentialApplicationTypeId,ModifiedByNaati,ModifiedDate,ModifiedUser) VALUES (7129,5129,17,0,getdate(),40)
INSERT INTO tblSkillApplicationType (SkillApplicationTypeId, SkillId,CredentialApplicationTypeId,ModifiedByNaati,ModifiedDate,ModifiedUser) VALUES (7130,5130,17,0,getdate(),40)
INSERT INTO tblSkillApplicationType (SkillApplicationTypeId, SkillId,CredentialApplicationTypeId,ModifiedByNaati,ModifiedDate,ModifiedUser) VALUES (7131,5131,17,0,getdate(),40)
INSERT INTO tblSkillApplicationType (SkillApplicationTypeId, SkillId,CredentialApplicationTypeId,ModifiedByNaati,ModifiedDate,ModifiedUser) VALUES (7132,5132,17,0,getdate(),40)
INSERT INTO tblSkillApplicationType (SkillApplicationTypeId, SkillId,CredentialApplicationTypeId,ModifiedByNaati,ModifiedDate,ModifiedUser) VALUES (7133,5133,17,0,getdate(),40)
INSERT INTO tblSkillApplicationType (SkillApplicationTypeId, SkillId,CredentialApplicationTypeId,ModifiedByNaati,ModifiedDate,ModifiedUser) VALUES (7134,5134,17,0,getdate(),40)
INSERT INTO tblSkillApplicationType (SkillApplicationTypeId, SkillId,CredentialApplicationTypeId,ModifiedByNaati,ModifiedDate,ModifiedUser) VALUES (7135,5135,17,0,getdate(),40)
INSERT INTO tblSkillApplicationType (SkillApplicationTypeId, SkillId,CredentialApplicationTypeId,ModifiedByNaati,ModifiedDate,ModifiedUser) VALUES (7136,5136,17,0,getdate(),40)
INSERT INTO tblSkillApplicationType (SkillApplicationTypeId, SkillId,CredentialApplicationTypeId,ModifiedByNaati,ModifiedDate,ModifiedUser) VALUES (7137,5137,17,0,getdate(),40)
INSERT INTO tblSkillApplicationType (SkillApplicationTypeId, SkillId,CredentialApplicationTypeId,ModifiedByNaati,ModifiedDate,ModifiedUser) VALUES (7138,5138,17,0,getdate(),40)
INSERT INTO tblSkillApplicationType (SkillApplicationTypeId, SkillId,CredentialApplicationTypeId,ModifiedByNaati,ModifiedDate,ModifiedUser) VALUES (7139,5139,17,0,getdate(),40)
INSERT INTO tblSkillApplicationType (SkillApplicationTypeId, SkillId,CredentialApplicationTypeId,ModifiedByNaati,ModifiedDate,ModifiedUser) VALUES (7140,5140,17,0,getdate(),40)
INSERT INTO tblSkillApplicationType (SkillApplicationTypeId, SkillId,CredentialApplicationTypeId,ModifiedByNaati,ModifiedDate,ModifiedUser) VALUES (7141,5141,17,0,getdate(),40)
INSERT INTO tblSkillApplicationType (SkillApplicationTypeId, SkillId,CredentialApplicationTypeId,ModifiedByNaati,ModifiedDate,ModifiedUser) VALUES (7142,5142,17,0,getdate(),40)
INSERT INTO tblSkillApplicationType (SkillApplicationTypeId, SkillId,CredentialApplicationTypeId,ModifiedByNaati,ModifiedDate,ModifiedUser) VALUES (7143,5143,17,0,getdate(),40)
INSERT INTO tblSkillApplicationType (SkillApplicationTypeId, SkillId,CredentialApplicationTypeId,ModifiedByNaati,ModifiedDate,ModifiedUser) VALUES (7144,5144,17,0,getdate(),40)
INSERT INTO tblSkillApplicationType (SkillApplicationTypeId, SkillId,CredentialApplicationTypeId,ModifiedByNaati,ModifiedDate,ModifiedUser) VALUES (7145,5145,17,0,getdate(),40)
INSERT INTO tblSkillApplicationType (SkillApplicationTypeId, SkillId,CredentialApplicationTypeId,ModifiedByNaati,ModifiedDate,ModifiedUser) VALUES (7146,5146,17,0,getdate(),40)
INSERT INTO tblSkillApplicationType (SkillApplicationTypeId, SkillId,CredentialApplicationTypeId,ModifiedByNaati,ModifiedDate,ModifiedUser) VALUES (7147,5147,17,0,getdate(),40)
INSERT INTO tblSkillApplicationType (SkillApplicationTypeId, SkillId,CredentialApplicationTypeId,ModifiedByNaati,ModifiedDate,ModifiedUser) VALUES (7148,5148,17,0,getdate(),40)
INSERT INTO tblSkillApplicationType (SkillApplicationTypeId, SkillId,CredentialApplicationTypeId,ModifiedByNaati,ModifiedDate,ModifiedUser) VALUES (7149,5149,17,0,getdate(),40)
INSERT INTO tblSkillApplicationType (SkillApplicationTypeId, SkillId,CredentialApplicationTypeId,ModifiedByNaati,ModifiedDate,ModifiedUser) VALUES (7150,5150,17,0,getdate(),40)
INSERT INTO tblSkillApplicationType (SkillApplicationTypeId, SkillId,CredentialApplicationTypeId,ModifiedByNaati,ModifiedDate,ModifiedUser) VALUES (7151,5151,17,0,getdate(),40)
INSERT INTO tblSkillApplicationType (SkillApplicationTypeId, SkillId,CredentialApplicationTypeId,ModifiedByNaati,ModifiedDate,ModifiedUser) VALUES (7152,5152,17,0,getdate(),40)
INSERT INTO tblSkillApplicationType (SkillApplicationTypeId, SkillId,CredentialApplicationTypeId,ModifiedByNaati,ModifiedDate,ModifiedUser) VALUES (7153,5153,17,0,getdate(),40)
INSERT INTO tblSkillApplicationType (SkillApplicationTypeId, SkillId,CredentialApplicationTypeId,ModifiedByNaati,ModifiedDate,ModifiedUser) VALUES (7154,5154,17,0,getdate(),40)
INSERT INTO tblSkillApplicationType (SkillApplicationTypeId, SkillId,CredentialApplicationTypeId,ModifiedByNaati,ModifiedDate,ModifiedUser) VALUES (7155,5155,17,0,getdate(),40)
INSERT INTO tblSkillApplicationType (SkillApplicationTypeId, SkillId,CredentialApplicationTypeId,ModifiedByNaati,ModifiedDate,ModifiedUser) VALUES (7156,5156,17,0,getdate(),40)
INSERT INTO tblSkillApplicationType (SkillApplicationTypeId, SkillId,CredentialApplicationTypeId,ModifiedByNaati,ModifiedDate,ModifiedUser) VALUES (7157,5157,17,0,getdate(),40)
INSERT INTO tblSkillApplicationType (SkillApplicationTypeId, SkillId,CredentialApplicationTypeId,ModifiedByNaati,ModifiedDate,ModifiedUser) VALUES (7158,5158,17,0,getdate(),40)
INSERT INTO tblSkillApplicationType (SkillApplicationTypeId, SkillId,CredentialApplicationTypeId,ModifiedByNaati,ModifiedDate,ModifiedUser) VALUES (7159,5159,17,0,getdate(),40)
INSERT INTO tblSkillApplicationType (SkillApplicationTypeId, SkillId,CredentialApplicationTypeId,ModifiedByNaati,ModifiedDate,ModifiedUser) VALUES (7160,5160,17,0,getdate(),40)
INSERT INTO tblSkillApplicationType (SkillApplicationTypeId, SkillId,CredentialApplicationTypeId,ModifiedByNaati,ModifiedDate,ModifiedUser) VALUES (7161,5161,17,0,getdate(),40)
INSERT INTO tblSkillApplicationType (SkillApplicationTypeId, SkillId,CredentialApplicationTypeId,ModifiedByNaati,ModifiedDate,ModifiedUser) VALUES (7162,5162,17,0,getdate(),40)
INSERT INTO tblSkillApplicationType (SkillApplicationTypeId, SkillId,CredentialApplicationTypeId,ModifiedByNaati,ModifiedDate,ModifiedUser) VALUES (7163,5163,17,0,getdate(),40)
INSERT INTO tblSkillApplicationType (SkillApplicationTypeId, SkillId,CredentialApplicationTypeId,ModifiedByNaati,ModifiedDate,ModifiedUser) VALUES (7164,5164,17,0,getdate(),40)
INSERT INTO tblSkillApplicationType (SkillApplicationTypeId, SkillId,CredentialApplicationTypeId,ModifiedByNaati,ModifiedDate,ModifiedUser) VALUES (7165,5165,17,0,getdate(),40)
INSERT INTO tblSkillApplicationType (SkillApplicationTypeId, SkillId,CredentialApplicationTypeId,ModifiedByNaati,ModifiedDate,ModifiedUser) VALUES (7166,5166,17,0,getdate(),40)
INSERT INTO tblSkillApplicationType (SkillApplicationTypeId, SkillId,CredentialApplicationTypeId,ModifiedByNaati,ModifiedDate,ModifiedUser) VALUES (7167,5167,17,0,getdate(),40)
INSERT INTO tblSkillApplicationType (SkillApplicationTypeId, SkillId,CredentialApplicationTypeId,ModifiedByNaati,ModifiedDate,ModifiedUser) VALUES (7168,5168,17,0,getdate(),40)
INSERT INTO tblSkillApplicationType (SkillApplicationTypeId, SkillId,CredentialApplicationTypeId,ModifiedByNaati,ModifiedDate,ModifiedUser) VALUES (7169,5169,17,0,getdate(),40)
INSERT INTO tblSkillApplicationType (SkillApplicationTypeId, SkillId,CredentialApplicationTypeId,ModifiedByNaati,ModifiedDate,ModifiedUser) VALUES (7170,5170,17,0,getdate(),40)
INSERT INTO tblSkillApplicationType (SkillApplicationTypeId, SkillId,CredentialApplicationTypeId,ModifiedByNaati,ModifiedDate,ModifiedUser) VALUES (7171,5171,17,0,getdate(),40)

SET IDENTITY_INSERT tblSkillApplicationType OFF
